flag (1),Image0.jpg,"68435,0:0,863:0,825:0,4352:4177,6672:0,4653:0,23:0,0:0,0:0,0:0,0:0,0:0,0:0,0:0,0:62694,0:0,1956:5254,4204:3091,3413:3467,3406:0,2515:0,0:0,0:0,0:0,0:0,0:0,0:0,0:0,0:0,0:0,1731:9265,2773:5159,2490:0,9572:29760,905:27149,1186:0,10:0,0:0,0:0,0:0,0:0,0:0,0:0,0:0,0:"
flag (1),Image1.jpg,"67472,0:0,971:0,216:0,271:0,387:0,232:0,204:0,320:0,268:0,1678:4741,2414:0,3696:0,2629:0,2128:0,2373:61741,0:0,508:0,550:0,498:0,570:0,3428:0,4458:0,2204:0,1878:0,2665:0,3485:0,3019:0,2155:0,1405:0,1436:0,0:0,41:0,4325:0,4553:0,3597:0,3533:0,2860:0,2741:0,2675:0,4672:0,7613:8065,3226:9905,3269:25097,1048:0,2780:"
flag (2),Image0.jpg,"89999,0:0,1:0,0:0,0:0,0:0,0:0,0:0,0:0,0:0,0:0,0:0,0:0,0:0,0:0,0:79074,0:0,618:0,1516:0,1518:0,2764:0,4510:0,0:0,0:0,0:0,0:0,0:0,0:0,0:0,0:0,0:0,1032:5264,2281:15644,3303:39990,1291:16986,3884:0,325:0,0:0,0:0,0:0,0:0,0:0,0:0,0:0,0:0,0:"
flag (3),Image0.jpg,"51643,2611:6919,2295:5116,1147:4704,984:6677,273:5710,320:0,1601:0,0:0,0:0,0:0,0:0,0:0,0:0,0:0,0:50518,268:0,4444:0,3359:0,2833:0,2526:0,2096:0,1548:0,869:0,976:0,1577:3891,541:0,2651:0,1636:0,1317:8926,24:0,0:0,0:0,1094:0,4592:0,8443:4534,5607:9864,1963:6113,860:4496,968:4851,135:6814,155:5764,301:4891,683:6649,605:9773,845:"
flag (4),Image0.jpg,"6529,237:0,2863:0,274:0,189:0,240:0,2079:0,3502:0,6767:7511,3560:16818,2163:13018,5654:7157,4452:0,3894:0,1448:0,1645:0,1241:0,4314:0,2850:0,2203:0,2198:0,3252:0,6035:0,9697:13317,1064:5502,8795:0,10017:4834,4300:0,5029:0,2803:0,2549:4413,375:0,2107:0,4170:0,6196:0,6302:0,6429:0,8329:4233,3927:0,6482:0,6191:0,6686:0,4987:0,4203:9356,913:0,4701:"
flag (5),Image0.jpg,"61333,486:5481,1909:4692,908:4263,1107:6436,44:0,3236:0,105:0,0:0,0:0,0:0,0:0,0:0,0:0,0:0,0:61566,832:4404,1325:3459,701:0,3812:4726,73:3691,770:0,536:0,148:0,134:0,175:0,887:0,410:0,290:0,308:0,1753:0,0:0,0:0,801:0,4320:0,7879:3689,6323:12506,14:5998,868:4382,1143:7696,106:0,6008:4904,544:5221,486:9728,547:6626,211:"
flag (6),Image0.jpg,"42566,0:0,946:0,428:0,223:0,193:0,247:0,292:0,408:0,2625:0,3320:4474,5263:3719,7333:0,5435:0,4832:0,7696:39292,0:0,559:0,557:0,1000:0,2570:0,5413:0,8406:0,4756:0,4932:0,4349:0,3397:0,3133:0,4516:0,3576:0,3544:0,763:0,1685:0,6854:0,8892:0,5599:0,4379:0,4422:0,4285:0,3811:0,4324:0,6307:3724,4540:5357,4046:7709,9152:0,4151:"
flag (6),Image1.jpg,"42438,0:0,880:0,268:0,219:0,269:0,203:0,240:0,433:0,2644:0,3238:4470,5399:3741,7419:0,5699:0,4976:4132,3332:39031,0:0,500:0,540:0,1003:0,2601:0,5175:0,8501:0,4888:0,5220:0,4427:0,3526:0,3171:0,4400:0,3565:0,3452:0,774:0,1694:0,7392:5198,3484:0,5584:0,4486:0,4587:0,4353:0,3985:0,4531:0,6547:0,7839:5078,3949:7856,8858:0,3805:"
flag (7),Image0.jpg,"66405,1186:7969,385:3497,2102:4592,516:0,2392:0,479:0,259:0,145:0,33:0,20:0,12:0,8:0,0:0,0:0,0:59862,713:0,5807:3104,3616:0,4788:3625,1053:0,3255:0,2449:0,794:0,347:0,135:0,119:0,143:0,38:0,50:0,102:0,0:0,4:0,860:0,4377:0,6969:0,6790:0,7574:11426,1915:8535,3439:6067,2786:3522,2819:0,4643:0,3904:4624,1562:7595,589:"
flag (8),Image0.jpg,"29565,0:0,697:0,167:0,180:0,195:0,406:0,389:0,510:0,608:0,1407:0,1863:0,4511:12644,5808:23599,737:3822,2892:27266,0:0,355:0,273:0,607:3551,360:5991,645:7057,1849:0,4185:0,1910:0,3797:0,7049:4203,4779:0,7033:0,5552:0,3538:0,18:12928,53:0,5690:0,2298:0,2557:3216,2018:0,4777:0,4867:0,4366:0,4206:0,4670:0,4256:4841,2811:22909,1171:0,2348:"
flag (9),Image0.jpg,"0,1896:0,6720:26022,1868:20813,3806:3261,3867:0,1704:0,2253:0,1586:0,289:0,222:0,413:0,230:0,700:14005,0:0,345:53499,1164:4181,2571:0,2760:0,2042:0,637:0,509:0,435:0,334:0,382:0,355:0,855:0,757:0,1665:0,4184:11797,1873:0,1531:0,267:0,4:0,279:0,20:0,289:0,12:0,131:0,190:0,63:0,785:0,2300:6047,5544:69605,596:0,2337:"
flag (9),Image1.jpg,"0,2061:3274,4017:16538,1696:7049,9100:27874,1039:0,4209:0,418:0,315:0,305:0,257:0,338:0,288:0,1186:7599,2293:0,144:26776,4913:28273,1465:0,4914:0,665:0,532:0,461:0,410:0,366:0,398:0,379:0,459:0,467:0,912:0,1928:14638,2044:0,1502:0,211:0,89:0,301:0,18:0,264:0,30:0,183:0,167:0,326:0,411:0,758:21607,4278:53671,4783:0,1401:"
horse (1),Image0.jpg,"0,1192:3563,9100:15507,4001:4906,10377:7137,6960:0,9231:0,7230:0,5607:0,2993:0,1065:0,457:0,315:0,228:0,103:0,28:0,40:0,2830:0,6479:5984,1582:5510,4611:0,9094:3268,7809:0,11937:0,9875:0,8423:4474,3300:0,3971:0,569:0,152:0,92:0,42:0,1197:0,3802:0,7521:5117,7130:3856,10886:4337,10760:0,11785:0,10791:0,7482:0,3779:0,935:0,329:0,164:0,87:"
horse (10),Image0.jpg,"0,4:0,1830:14834,4790:16707,8271:7446,8547:4166,5630:0,5581:0,3190:0,1996:0,1603:0,1398:0,1085:0,1389:0,1154:0,379:0,0:0,21:0,712:0,2129:0,5102:0,11314:12690,10312:10757,12333:3097,9461:0,5840:0,2059:0,1424:0,1179:0,1115:0,455:0,0:0,18:0,585:0,3878:4612,11090:12596,12144:7664,11587:0,10984:0,6123:0,2977:0,1606:0,1352:0,1063:0,1019:0,702:"
horse (2),Image0.jpg,"6581,6436:10362,3637:0,10252:11021,6676:0,14738:0,5052:0,2182:0,1540:0,1384:0,1530:0,1469:0,1666:0,1704:0,1643:0,2127:0,3840:0,7044:0,8238:0,6358:0,5300:0,6372:5807,6864:4884,11506:0,11116:0,3786:0,1937:0,2041:0,2101:0,1854:0,952:4343,2548:3024,6793:3190,4584:0,5736:0,6302:5346,6428:4655,11152:0,10792:0,4096:0,2291:0,1726:0,2013:0,2149:0,2251:0,581:"
horse (2),Image1.jpg,"0,17:0,2478:4785,6990:21223,3927:9869,13199:11237,4903:0,9635:0,1550:0,172:0,15:0,0:0,0:0,0:0,0:0,0:0,0:0,428:0,1758:0,4094:3952,3095:0,7195:0,8306:0,11291:0,17937:13803,8302:0,9086:0,731:0,22:0,0:0,0:0,0:0,58:0,1322:0,2499:0,4390:3103,3856:0,7249:0,8536:0,8619:0,10536:0,13639:7698,7060:0,9279:0,1883:0,273:"
horse (2),Image2.jpg,"0,88:0,4540:4477,12182:3648,15604:0,11880:0,10387:0,9978:0,7738:0,4781:0,2722:0,1244:0,412:0,185:0,86:0,48:0,11:0,611:0,1791:0,3506:0,5270:0,8102:0,10925:0,13797:0,16349:0,13862:0,8868:0,4480:0,1782:0,506:0,140:0,27:0,1451:0,7018:0,12064:0,13227:0,11744:0,11141:0,11343:0,9045:0,5691:0,3183:0,1943:0,1227:0,657:0,239:"
horse (3),Image0.jpg,"0,981:0,3751:0,7705:0,13620:3368,15742:10802,11247:4390,8305:0,3715:0,1050:0,778:0,749:0,1109:0,1272:0,710:0,706:0,0:0,58:0,565:0,1323:0,2859:0,5103:0,8435:0,13952:3270,15395:15843,7167:0,11525:0,2042:0,1246:0,635:0,582:0,196:0,1031:0,2304:0,4621:0,8530:0,12434:0,16298:9571,10532:6139,9751:0,3763:0,837:0,1203:0,1299:0,787:0,704:"
horse (4),Image0.jpg,"0,1:0,2615:0,3512:0,7508:5479,14485:23883,6976:4092,13852:0,4626:0,1088:0,725:0,433:0,272:0,177:0,274:0,2:0,0:0,1908:0,1738:0,2827:0,3698:0,6595:0,9703:4353,9186:4063,10745:9768,7736:3823,9836:0,3516:0,425:0,80:0,0:0,0:0,1308:0,1735:0,2399:0,4710:0,8050:5140,10834:9742,12501:0,15682:0,5682:0,5148:0,4598:0,2269:0,193:0,9:"
horse (4),Image1.jpg,"3495,2476:0,7616:5614,3524:0,6292:0,6213:17702,9246:16818,7221:0,2800:0,572:0,224:0,139:0,46:0,2:0,0:0,0:0,3530:0,3796:0,4675:0,5288:0,5958:0,5058:0,3573:0,3118:0,4326:0,17986:27626,2376:0,2532:0,111:0,46:0,1:0,4993:0,4838:0,6205:3829,3312:0,4522:0,2651:0,2676:0,5329:15207,7809:16452,7299:0,3296:0,551:0,445:0,319:0,267:"
horse (4),Image2.jpg,"0,349:0,4138:7181,5225:13824,6956:3347,15980:17619,4372:0,8200:0,2092:0,552:0,130:0,27:0,8:0,0:0,0:0,0:0,2:0,4113:0,4985:0,5424:0,6885:0,9643:0,10717:0,9578:0,10873:19798,1897:0,6002:0,80:0,3:0,0:0,0:0,14:0,2939:0,3846:0,8026:3533,8137:3705,10724:0,15005:13088,5275:0,11375:0,3948:0,328:0,48:0,9:0,0:0,0:"
horse (5),Image0.jpg,"0,3:0,491:0,5377:0,10870:0,13162:10274,11617:10818,12761:0,8019:0,2364:0,1937:0,1222:0,759:0,310:0,16:0,0:0,0:0,145:0,2987:0,6007:0,6164:0,6119:0,5267:0,4833:0,5758:0,8107:6561,10011:8311,14943:0,4741:0,46:0,0:0,0:0,25:0,2382:0,4025:0,5753:0,5974:0,6009:0,8248:0,14998:8720,12145:8312,9114:0,3253:0,606:0,267:0,169:"
horse (6),Image0.jpg,"3377,2177:14659,7164:15333,6133:7779,12481:3038,10638:0,4081:0,825:0,376:0,344:0,392:0,468:0,487:0,229:0,19:0,0:0,1114:15088,224:0,6755:0,6246:0,4663:0,2604:0,2325:0,7632:9600,3442:0,10093:8128,5361:0,5860:0,611:0,247:0,7:0,1221:8911,3469:0,10818:0,6392:0,7204:0,9815:5098,5096:0,8425:0,10196:0,9461:0,2618:0,755:0,287:0,222:0,12:"
horse (7),Image0.jpg,"0,493:5953,8170:3338,19264:12853,7390:0,12388:0,5355:0,3490:0,1724:0,1199:0,787:0,588:0,524:0,521:0,600:4248,1115:0,8:0,3816:3556,5380:0,8354:0,6214:0,5510:0,6506:0,10352:0,11725:0,9954:0,7166:0,4152:0,1036:0,887:4208,1176:0,12:0,2876:6365,3659:0,8079:0,7082:0,8005:0,9728:6578,5006:0,11184:0,7230:0,4550:0,1793:0,1031:0,1061:4289,1472:"
horse (8),Image0.jpg,"0,555:0,4687:22567,8425:16400,9885:0,5476:0,2771:0,948:0,415:0,366:0,409:0,1679:7033,1260:0,3705:0,2248:0,1171:0,195:0,789:0,2840:0,3143:0,3042:0,9931:30286,3482:8081,5068:4582,948:0,436:0,2394:6058,1542:0,4072:0,1968:0,1143:0,107:0,2220:0,2846:0,2543:0,7081:26513,5856:14145,4756:0,5628:0,754:0,457:3434,748:4698,1588:0,3623:0,1451:0,1552:"
horse (8),Image1.jpg,"0,797:0,1179:0,6487:16679,7789:30717,8221:7395,5425:0,2696:0,960:0,359:0,271:0,182:0,181:0,139:0,481:0,42:0,143:0,848:0,719:0,1241:0,2287:0,3299:3391,7738:17810,6009:21286,6785:12629,2492:0,2318:0,269:0,158:0,514:0,64:0,0:0,207:0,839:0,1379:0,1869:0,8549:15879,7332:22060,8707:14332,3705:0,3489:0,707:0,230:0,164:0,502:0,50:"
horse (9),Image0.jpg,"16837,8643:21445,8397:0,12370:0,4965:0,2087:0,1411:0,1556:0,1713:0,1777:0,2159:0,2873:0,1602:0,1192:0,392:0,581:5261,631:9096,4185:3151,10440:3072,11850:0,11963:0,8397:0,5539:0,3767:0,3234:0,2668:0,1629:0,1367:0,1313:0,1063:0,1374:14465,2651:6868,7436:4000,9755:0,11336:0,8003:0,5398:0,3914:0,3589:0,2918:0,2260:0,1379:0,1070:0,1002:0,1304:0,2652:"
ocean (1),Image0.jpg,"0,0:0,0:0,0:0,105:0,1103:0,4659:0,12175:32394,4384:17381,11018:0,5579:0,1024:0,165:0,13:0,0:0,0:0,0:0,0:0,1:0,138:0,2367:0,3565:0,6963:13545,16082:27984,4970:0,10924:0,2773:0,625:0,57:0,6:0,0:0,4:0,8659:47165,4537:5741,13134:0,5052:0,3028:0,1677:0,687:0,166:0,84:0,45:0,17:0,4:0,0:0,0:"
ocean (1),Image1.jpg,"0,0:0,0:0,0:0,56:0,2321:12645,832:0,6337:0,6785:5630,2972:8594,3235:5263,3388:6339,2174:6383,1187:5547,1113:8846,353:0,0:0,0:0,8:8065,2049:8558,1439:6465,6328:14232,2742:8147,5214:6162,3131:5212,2377:3292,1990:0,2955:0,1032:0,389:0,213:70106,346:3538,7178:0,5265:0,2682:0,808:0,75:0,2:0,0:0,0:0,0:0,0:0,0:0,0:0,0:0,0:"
ocean (10),Image0.jpg,"0,0:0,87:0,791:0,786:0,2599:0,2659:0,1747:0,1922:3830,2226:6039,4784:4491,5794:9815,2852:10040,1749:24389,1321:0,2079:0,33:0,757:0,1417:3947,1372:6527,1423:4294,2745:4886,3794:5245,3021:10563,4069:11500,3886:4374,3449:0,6072:0,3998:0,2093:0,535:54612,165:8137,1092:3450,3537:0,5911:0,5352:0,4047:0,1908:0,939:0,587:0,263:0,0:0,0:0,0:0,0:0,0:"
ocean (11),Image0.jpg,"0,0:0,0:0,28:0,913:0,1542:0,3529:0,3591:0,4939:0,5977:0,6567:0,7362:9711,5277:11386,5282:7044,5041:9960,1851:0,0:0,934:0,3184:3760,5391:10304,6572:7380,5380:3265,7590:3429,7394:9851,4925:0,5121:0,2871:0,1633:0,740:0,274:0,2:36303,523:8183,5212:6532,4760:0,9033:0,6663:0,4938:0,2953:0,1713:0,1111:0,777:0,575:0,416:0,260:0,48:0,0:"
ocean (12),Image0.jpg,"0,0:0,0:0,19:0,328:0,448:0,1570:3966,792:6439,2203:10254,3272:11385,4191:18743,971:14945,4147:0,4902:0,1151:0,274:0,0:11644,166:21629,261:18976,954:6584,1487:0,3528:0,3846:0,4262:0,4634:0,4890:0,3914:0,1629:0,978:0,516:0,102:65301,215:0,3590:0,1453:0,1195:0,831:0,780:0,1041:0,1140:0,1398:0,1261:0,2220:0,3197:0,2945:0,3427:0,6:"
ocean (2),Image0.jpg,"0,0:0,4652:7343,1065:0,5701:0,4765:3023,3167:0,6250:0,6210:3687,2302:0,4454:0,2639:3008,796:4630,1522:9928,111:14742,5:0,0:11127,587:0,6333:0,4361:0,4569:0,6005:0,6160:3383,3506:4117,1884:0,4316:0,3794:4439,1457:7363,153:9533,11:6902,0:0,0:14776,3925:22697,2909:9610,4935:4102,2849:3031,2557:5375,93:4429,4:3065,0:0,2892:0,1963:0,788:0,0:0,0:0,0:"
ocean (2),Image1.jpg,"0,41:0,1972:0,3485:0,5051:0,7486:0,10404:7878,9740:38153,2446:0,2636:0,418:0,154:0,86:0,35:0,14:0,1:0,0:0,1168:0,2670:0,3836:0,6720:4429,9745:28066,4199:20961,4139:0,2324:0,1010:0,412:0,206:0,87:0,26:0,2:57190,1128:0,9820:0,6384:0,4900:0,3707:0,2823:0,1783:0,1064:0,586:0,286:0,139:0,107:0,63:0,20:0,0:"
ocean (3),Image0.jpg,"0,59:0,3248:0,2721:0,5756:0,10579:3737,16437:21596,7064:0,12622:0,4843:0,1163:0,163:0,12:0,0:0,0:0,0:0,2318:0,1081:0,1764:0,4524:0,11387:10633,12916:9078,10356:3072,10836:0,8025:0,3288:0,611:0,74:0,16:0,21:0,0:42759,8299:16852,5944:0,9271:0,4159:0,2032:0,415:0,63:0,44:0,36:0,42:0,35:0,15:0,13:0,20:0,1:"
ocean (5),Image0.jpg,"5508,1407:0,285:0,64:0,168:0,193:0,3106:3668,1711:0,2915:0,3535:0,7313:7689,1614:11539,1262:15152,559:10699,636:10915,62:5668,1500:0,92:0,109:4901,280:0,3885:0,3213:0,4380:3242,3595:5848,4477:13186,3707:11342,1747:8836,641:6143,1291:0,1251:0,666:89790,0:0,151:0,35:0,14:0,3:0,3:0,2:0,2:0,0:0,0:0,0:0,0:0,0:0,0:0,0:"
ocean (6),Image0.jpg,"0,0:0,0:0,88:0,555:0,2139:0,6819:4165,3866:0,8940:0,8831:0,10650:10488,5190:7748,3068:7482,816:7609,80:0,1466:0,0:0,7:0,196:0,3389:0,2953:0,4853:0,7683:0,7989:6973,6948:14696,7890:8578,4034:10880,342:0,2465:0,124:0,0:62680,2465:11218,2289:0,6253:4543,472:0,80:0,0:0,0:0,0:0,0:0,0:0,0:0,0:0,0:0,0:0,0:"
ocean (7),Image0.jpg,"0,0:0,624:8875,2078:6669,2416:0,6566:0,6295:0,5165:0,3531:0,2859:0,5546:4079,1361:4124,508:5200,614:5702,1423:16281,84:0,1312:9388,4201:6451,2664:0,7073:0,6496:0,4058:0,3335:4301,1736:4114,2512:3675,2180:3395,750:3608,1099:5072,167:5862,250:6039,262:0,4375:41006,904:17340,6119:10434,540:5724,355:3005,98:0,39:0,20:0,17:0,15:0,5:0,4:0,0:0,0:0,0:"
ocean (7),Image1.jpg,"0,0:0,0:0,206:0,1494:0,4163:0,4276:0,7591:3013,5797:3610,4798:0,5590:0,4888:6354,2949:15817,203:10272,161:8727,91:0,0:0,0:0,1018:0,1926:0,3540:0,5662:0,8609:11285,4534:11383,4010:9945,2142:8064,1631:5592,1205:5304,865:0,2722:0,563:50388,2889:23154,8093:0,4015:0,1141:0,307:0,13:0,0:0,0:0,0:0,0:0,0:0,0:0,0:0,0:0,0:"
ocean (8),Image0.jpg,"0,0:0,0:0,0:0,0:0,143:3441,273:6617,57:0,5585:0,4582:0,4377:9898,5403:31917,4597:5270,4606:0,2777:0,457:0,0:0,0:0,0:0,339:3627,1550:4872,555:0,4806:0,4333:6516,3303:28685,3435:8860,5884:4573,4602:0,2991:0,966:0,103:27762,8295:30876,5056:4212,5770:0,3532:0,1564:0,941:0,626:0,555:0,443:0,250:0,63:0,41:0,14:0,0:0,0:"
ocean (8),Image1.jpg,"0,0:0,3682:3119,2572:0,5847:0,3247:0,2727:0,2884:0,4415:0,5183:0,2929:3062,1728:15137,2531:30245,691:0,1:0,0:0,3724:5363,1420:0,5396:0,2838:0,2472:0,1984:0,2784:3202,5378:6153,5218:10233,4133:11646,2150:15804,102:0,0:0,0:0,0:29786,6029:25780,7435:0,8123:0,2992:0,2108:0,1758:0,1961:0,1615:0,1587:0,820:0,6:0,0:0,0:0,0:0,0:"
ocean (9),Image0.jpg,"0,0:0,0:0,0:0,0:0,1218:0,3097:0,4060:0,5003:23441,3615:25537,3493:15140,2414:0,2949:0,33:0,0:0,0:0,0:0,0:0,0:0,0:0,1001:0,2525:0,2273:0,3415:13730,2950:20043,2458:14453,5982:10753,2250:4642,2363:0,1080:0,82:22447,9269:44678,4518:0,6445:0,1159:0,487:0,281:0,178:0,153:0,142:0,79:0,68:0,41:0,52:0,3:0,0:"
penguin,Image0.jpg,"0,0:0,17:0,444:0,394:0,371:0,417:0,482:0,516:0,611:0,759:0,2299:78953,918:0,3576:0,222:0,21:0,0:0,345:0,472:0,398:0,436:0,507:0,503:0,645:0,802:0,11554:70306,1189:0,2314:0,265:0,223:0,41:0,13:0,486:0,471:0,453:0,528:0,516:0,630:0,793:8321,9286:62270,2436:0,2956:0,419:0,195:0,192:0,35:"
penguin (10),Image0.jpg,"0,1:0,217:0,171:0,194:0,298:0,699:0,1374:0,2080:0,6349:0,8975:42016,2959:7767,12152:0,2779:0,1318:0,651:0,15:0,263:0,189:0,264:0,698:0,1426:0,5500:0,5627:19571,7008:23770,6118:3507,8858:0,3720:0,1620:0,1181:0,665:0,164:0,286:0,565:0,3305:0,4690:4271,3620:20947,3031:0,11238:14400,3194:3129,8774:0,3909:0,1801:0,1334:0,1151:0,191:"
penguin (10),Image1.jpg,"0,89:0,2432:0,1216:0,856:0,707:0,604:0,615:0,605:0,690:0,1670:0,11457:65259,740:0,2919:0,141:0,0:0,397:0,2453:0,1192:0,879:0,734:0,622:0,736:0,1401:0,2778:6962,12283:54116,1881:0,3255:0,292:0,19:0,0:0,2000:0,1522:0,998:0,946:0,1009:0,1122:3357,1921:15562,4407:11177,13055:25719,3796:0,2969:0,414:0,23:0,3:0,0:"
penguin (10),Image2.jpg,"0,100:0,3343:0,865:0,415:0,390:0,443:0,361:0,434:0,474:0,1395:3633,11971:30825,7255:20127,5042:0,2927:0,0:0,433:0,3561:0,515:0,436:0,376:0,469:0,447:0,3014:0,10495:6934,13255:19759,14269:7770,5039:0,2882:0,346:0,0:0,3352:0,927:0,464:0,428:0,1343:3119,2977:0,6599:4643,7917:13267,13525:10275,9419:0,8656:0,2888:0,193:0,8:0,0:"
penguin (11),Image0.jpg,"0,106:0,171:0,114:0,105:0,125:0,116:0,122:0,145:0,202:0,618:44219,8047:27813,7606:0,491:0,0:0,0:0,198:0,144:0,94:0,155:0,121:0,118:0,168:0,217:0,5001:59568,2866:14793,6170:0,375:0,12:0,0:0,0:0,194:0,132:0,107:0,155:0,124:0,117:0,174:0,251:11980,10554:56557,1394:0,7962:0,289:0,10:0,0:0,0:"
penguin (12),Image0.jpg,"0,29:0,2307:0,1302:0,709:0,640:0,637:0,1102:0,1146:0,1238:0,1432:0,2644:49973,4900:16418,4884:0,514:0,125:0,555:0,2875:0,821:0,777:0,1203:0,808:0,936:0,1201:0,1449:0,4280:49800,4682:15277,3993:0,715:0,433:0,195:0,622:0,2990:0,1450:0,868:0,766:0,920:0,1131:0,1395:0,3787:44983,4353:22002,2551:0,1156:0,476:0,385:0,165:"
penguin (12),Image1.jpg,"0,403:9611,1004:0,3928:0,1101:0,867:0,826:0,773:0,1086:0,866:0,923:0,1125:0,2575:58336,675:0,5886:0,15:0,3452:8884,2342:0,1290:0,911:0,1100:0,925:0,840:0,855:0,933:0,1170:0,4797:58809,562:0,2987:0,129:0,14:0,3728:9746,1545:0,1511:0,1081:0,942:0,862:0,899:0,961:0,1127:0,4417:56445,733:0,5595:0,328:0,71:0,9:"
penguin (2),Image0.jpg,"0,0:0,4237:5767,6515:0,6428:0,6171:0,6316:0,7088:0,9216:4027,7693:0,6362:0,6086:0,5276:0,4727:0,3278:0,813:0,0:0,4480:7875,5178:0,5390:0,5175:0,6538:0,7303:0,7355:4819,7548:0,6627:3252,3524:0,5862:0,5385:0,3221:0,468:0,0:0,4645:7804,5182:0,5589:0,5684:0,7305:0,8136:8198,3038:0,8581:0,5382:3319,3691:0,5934:0,5091:0,2230:0,191:"
penguin (2),Image1.jpg,"0,0:0,3883:9151,2225:0,5679:0,4773:0,4562:0,4674:0,4011:0,4072:0,4592:0,5826:0,8259:3738,7480:7519,5620:3182,754:0,0:0,4507:9270,2025:0,5068:0,4793:0,4275:0,4756:0,4206:0,4536:0,4305:0,6390:0,9103:4247,8405:7343,4815:0,1956:0,0:0,6035:8274,2328:0,5224:0,4923:0,4541:0,5328:0,4421:0,4124:0,5311:0,7463:3168,8446:7569,7367:3790,1619:0,69:"
penguin (2),Image2.jpg,"0,84:0,1969:0,4924:0,3867:0,4950:0,5409:0,5106:0,7036:0,8435:0,9051:0,11277:5756,7397:7540,3557:0,2700:0,942:0,189:0,2222:0,5153:0,4206:0,5108:0,5423:0,5029:0,7181:0,8991:0,9886:3003,8458:9305,7245:0,4706:0,2864:0,1031:0,167:0,2037:0,5219:0,4528:0,5709:0,5381:0,5947:0,7375:0,9340:0,11465:7967,5092:9060,4069:0,3111:0,2751:0,782:"
penguin (2),Image3.jpg,"0,0:0,5416:3822,6500:0,5627:0,5833:0,5450:0,5731:0,6666:0,8006:0,8937:0,10875:0,11024:0,5324:0,789:0,0:0,0:0,6918:3708,5929:0,5267:0,5209:0,5731:0,6080:0,7252:0,8413:0,9381:0,11019:0,10723:0,4194:0,176:0,0:0,0:0,7211:3677,6214:0,5854:0,5875:0,6151:0,6918:0,7653:0,9418:0,10403:0,12931:0,6740:0,954:0,1:0,0:"
penguin (3),Image0.jpg,"0,66:0,364:0,541:0,445:0,298:0,197:0,209:0,170:0,226:0,935:0,3405:0,4511:73883,439:3474,833:0,4:0,549:0,563:0,399:0,229:0,210:0,171:0,171:0,1174:0,2241:0,3685:53711,2020:19878,4014:0,968:0,17:0,0:0,565:0,596:0,383:0,214:0,210:0,173:0,818:0,2009:0,2785:0,5788:67018,157:5194,3646:0,429:0,15:0,0:"
penguin (4),Image0.jpg,"0,480:0,339:0,196:0,104:0,138:0,99:0,138:0,248:0,352:0,4867:66204,691:13559,2123:0,452:0,10:0,0:0,705:0,253:0,141:0,140:0,87:0,138:0,175:0,507:27285,1786:47987,1313:7003,1205:0,884:0,343:0,48:0,0:0,671:0,289:0,138:0,146:0,87:0,147:0,325:0,2064:49240,661:27612,2964:4002,422:0,730:0,344:0,150:0,8:"
penguin (5),Image0.jpg,"0,670:0,517:0,343:0,369:0,642:0,1549:5585,4509:5779,5473:4916,4754:0,5907:0,7959:3790,4643:0,6913:11593,677:8228,5184:0,911:0,458:0,415:0,544:0,3605:8657,2761:6638,4503:0,6637:0,6343:0,4478:0,7391:0,7138:0,9491:11794,2488:0,5748:0,765:0,565:0,543:0,2237:11527,2100:3121,5266:3824,3424:0,5924:0,4599:0,4863:4289,3470:0,4489:0,8893:12337,2002:0,5762:"
penguin (5),Image1.jpg,"0,1139:0,631:0,470:0,613:0,1256:0,5439:12454,3049:4715,7678:3226,5469:0,5008:0,5424:0,5251:0,5956:8558,2451:3664,7549:0,1423:0,596:0,713:0,1415:6955,2599:10016,3549:6939,5017:0,6409:0,4442:0,3963:0,5623:0,5070:0,7653:11025,1455:0,5138:0,1274:0,832:0,1178:6750,2590:10542,3703:5711,4331:3265,3716:0,4532:0,3867:0,4893:0,4731:0,3283:0,7030:10755,1307:0,5710:"
penguin (5),Image2.jpg,"0,952:0,527:0,379:0,504:0,1117:0,4675:13175,3636:5594,9339:4254,6584:0,5872:0,5766:0,4707:0,4950:7653,2215:4452,3649:0,1112:0,527:0,621:0,1396:3350,6126:10665,4336:8974,5636:0,7548:0,5294:0,4001:0,5741:0,4121:0,6464:6749,3940:0,3399:0,976:0,733:0,1277:6080,3621:10277,4421:5767,6298:4883,4216:0,5672:0,3873:0,5051:0,3685:0,2969:0,6145:6571,3791:0,3694:"
penguin (5),Image3.jpg,"0,651:0,315:0,312:0,343:0,430:0,2453:7695,6770:7549,6153:4279,5249:0,5523:0,5920:0,5891:0,6357:8797,3237:3807,8269:0,775:0,328:0,386:0,460:3513,3002:9748,4126:6149,6796:0,6685:0,5006:0,4224:0,6113:0,5272:3286,5162:10958,2451:0,5560:0,695:0,383:0,617:0,4072:13374,3237:4829,5633:3827,3772:0,5100:0,3892:0,5173:0,4744:0,3914:0,7642:11113,2327:0,5656:"
penguin (6),Image0.jpg,"0,1195:0,504:0,173:0,139:0,292:0,430:0,1980:5203,5082:4064,8494:0,12268:21899,6936:12471,3598:3244,1625:0,403:0,0:0,1623:0,232:0,259:0,324:0,1769:3143,4310:3415,7412:6203,10284:4937,10480:13134,6715:9331,2544:0,3854:0,31:0,0:0,0:0,1660:0,374:0,817:0,3350:3728,5564:8547,8373:0,10437:0,8632:8224,10122:9405,3140:5099,1292:0,1234:0,2:0,0:0,0:"
penguin (7),Image0.jpg,"0,26:0,2885:0,439:0,303:0,314:0,419:0,686:0,1316:0,4849:0,11315:13295,9361:0,13713:0,13843:0,12969:0,4267:0,2881:0,523:0,363:0,442:0,954:0,1722:0,5662:11248,4785:0,15741:0,10257:0,10688:0,11385:0,9718:0,3008:0,623:0,3042:0,555:0,865:0,1682:0,3833:4630,6696:5430,11127:0,10350:0,9415:0,7524:0,8818:0,9656:0,4937:0,1033:0,407:"
penguin (8),Image0.jpg,"0,847:0,642:0,593:0,628:0,1367:0,2087:0,4043:0,5738:6765,9505:21952,9472:14678,6688:3297,1565:0,133:0,0:0,0:0,1366:0,627:0,1381:0,1799:0,3445:4362,5278:18440,6032:12611,5920:4105,9465:5645,6446:0,2871:0,207:0,0:0,0:0,0:0,1440:0,1821:0,4658:14561,3905:11543,5232:7609,4712:0,6592:0,8409:6406,6298:4076,2102:0,541:0,95:0,0:0,0:0,0:"
penguin (8),Image1.jpg,"0,381:11968,1635:0,2049:0,952:0,799:0,1056:0,1602:0,3616:0,5638:4137,4416:6327,3373:8163,5689:14963,2031:0,4345:3519,3341:12440,1692:0,2002:0,975:0,1012:0,2718:0,3988:0,6939:5499,4093:6146,6040:11074,2257:10202,1599:0,2224:0,2117:0,3680:0,3303:13088,1768:0,1633:0,2452:0,4490:4884,3939:6292,6517:9454,4479:10328,2787:3428,2004:0,1265:0,1455:0,1590:0,2244:0,3527:0,2376:"
penguin (9),Image0.jpg,"0,1370:0,2862:0,3901:0,2625:0,1563:0,1357:0,1608:0,1804:0,1649:0,2098:0,3986:0,4758:29843,1724:13993,5276:9568,15:0,2564:0,4152:0,3473:0,1757:0,1384:0,1666:0,1701:0,1397:0,1634:0,3376:13655,4188:14095,11130:11576,3289:5719,143:3101,0:0,2718:0,4499:0,3466:0,1867:0,1826:0,1873:0,1734:0,2378:14160,7007:5367,15561:8772,7999:3748,5214:0,1811:0,0:0,0:"
penguin (9),Image1.jpg,"0,283:0,3528:0,3454:0,1973:0,1369:0,1304:0,1658:0,2047:0,2388:0,3345:0,3704:0,5619:58827,380:0,121:0,0:0,1851:0,5237:0,2311:0,1376:0,1365:0,1924:0,2167:0,1838:0,2151:0,6101:27100,5490:25627,5454:0,8:0,0:0,0:0,5194:0,3397:0,1704:0,1460:0,2068:0,2295:0,2109:0,3231:12430,9670:39194,6134:0,1055:0,59:0,0:0,0:0,0:"
penguin (9),Image2.jpg,"0,242:0,3092:3036,3531:0,5748:0,6241:0,5155:0,3831:0,3608:0,2941:0,2845:0,3395:0,9402:3804,11836:15997,4486:0,810:0,1821:4396,5320:0,6859:0,6704:0,3580:0,3385:0,3007:0,2595:0,2169:0,2597:0,6519:17407,7614:9705,6219:0,103:0,0:0,6531:0,8702:0,8301:0,3826:0,3581:0,3313:0,2798:0,2369:0,3239:0,11510:13999,10361:0,10154:0,1276:0,40:0,0:"
penguin (9),Image3.jpg,"0,213:0,2554:0,6338:0,7647:0,6083:0,5370:0,3447:0,2921:0,2628:0,3501:0,4157:0,9744:7243,8935:10940,6124:0,2155:0,1904:0,9254:0,8682:0,6478:0,3402:0,2732:0,2462:0,2647:0,2823:0,2830:0,6472:15074,9277:8824,7020:0,119:0,0:0,5315:3710,6791:3168,5572:0,3890:0,2914:0,2787:0,2786:0,3025:0,3216:0,9148:15809,9801:0,10661:0,1351:0,56:0,0:"
penguin (9),Image4.jpg,"0,0:0,1577:0,5569:0,7875:0,6551:0,6133:0,4125:0,3287:0,3646:0,4048:0,4485:0,10186:3252,10155:10989,4977:0,3145:0,1519:0,7605:0,9475:0,7103:0,4151:0,3098:0,3112:0,3440:0,3278:0,3001:0,7495:12232,9106:9015,6349:0,21:0,0:0,3780:3550,6971:3203,6186:0,4649:0,3392:0,3226:0,3667:0,3622:0,3500:0,10346:12027,11689:0,9052:0,1125:0,15:0,0:"
penguin (9),Image5.jpg,"0,0:0,996:0,4792:0,7270:0,5858:0,5276:0,4218:0,3297:0,2908:0,3446:0,4676:3343,7703:3309,13491:10027,5482:0,3908:0,1337:0,6257:3047,5613:0,5887:0,4465:0,3110:0,2757:0,2753:0,3309:0,2910:0,7191:8503,15737:12200,4868:0,56:0,0:0,3319:3232,5870:0,7762:0,4814:0,3525:0,2979:0,3007:0,3971:0,3240:0,9588:15860,10170:0,11092:0,1484:0,87:0,0:"
penguin (9),Image6.jpg,"0,364:0,1097:0,4102:0,4104:0,4108:0,4353:0,4220:0,3243:0,2554:0,2598:0,3719:0,9547:12034,7952:22298,3707:0,0:0,1195:0,5182:0,4625:0,4983:0,4032:0,3304:0,2372:0,2191:0,2184:0,2897:0,5356:22688,5412:15030,8540:0,9:0,0:0,2624:0,5986:0,5614:0,4277:0,3837:0,2595:0,2446:0,2163:0,3977:4370,4769:15268,9848:14905,6493:0,828:0,0:0,0:"
sunset (1),Image0.jpg,"34250,1018:14975,7961:14589,4085:0,5741:3485,2166:0,1642:0,88:0,0:0,0:0,0:0,0:0,0:0,0:0,0:0,0:25518,560:0,3997:0,3491:0,2546:0,3468:14162,4180:6237,4934:4929,3753:4097,1895:4583,396:0,1079:0,175:0,0:0,0:0,0:17928,688:0,4753:0,3238:0,3431:0,1692:0,1588:0,1800:0,3089:0,4875:0,4806:0,5684:4014,1964:3806,990:16988,1375:5858,1433:"
sunset (1),Image1.jpg,"51732,941:0,9998:5665,3419:0,6257:0,3062:0,2823:0,1398:0,1098:0,653:0,419:0,361:0,318:0,347:0,475:0,1034:28866,1469:0,11963:0,6215:0,6259:0,6785:0,5181:0,4080:0,3498:0,3958:0,3097:0,1603:0,2029:0,1379:0,1143:0,2475:7533,5815:0,13106:0,9690:0,6685:0,4859:0,4511:0,4333:0,3622:0,3749:0,4503:0,3762:0,3522:0,2388:0,2564:7986,1372:"
sunset (10),Image0.jpg,"15134,1266:3507,3700:13459,2778:8210,4678:4869,3906:6028,3198:0,5069:0,3696:0,2861:0,2351:0,2128:0,1642:0,1227:0,139:0,154:11045,792:0,5450:0,3328:5065,2844:6641,4550:6069,7129:4177,6718:3055,3685:0,4853:0,3078:0,3058:0,2618:0,2284:0,1256:0,2305:0,614:10312,668:0,4368:0,1064:0,1354:0,1917:0,4060:0,7480:4288,5716:0,8072:0,8354:0,7983:0,7004:0,6424:9065,1257:"
sunset (10),Image1.jpg,"0,769:0,2108:51065,1790:16634,7494:5560,3940:0,128:0,52:0,36:0,32:0,28:0,36:0,42:0,54:0,71:0,161:0,2163:24894,1375:20781,5016:27582,2008:0,5106:0,135:0,92:0,87:0,70:0,64:0,65:0,53:0,88:0,88:0,333:0,161:0,1717:0,992:0,1519:0,6963:10872,2364:17094,2899:18752,2215:16155,283:0,1992:0,1270:0,929:0,815:0,1209:0,1799:"
sunset (11),Image0.jpg,"35264,8771:11371,4579:0,10354:6954,2464:0,4174:0,2869:0,1369:0,405:0,297:0,250:0,197:0,161:0,115:0,74:0,332:6958,1810:27354,4213:5599,6152:0,5049:0,3603:0,3283:0,3392:0,3655:0,3751:0,3339:0,2711:0,2502:0,1996:0,2032:0,2601:0,0:5020,296:13196,784:8967,624:3976,1337:0,5254:0,4354:0,3349:0,3345:0,3817:0,3654:0,3422:0,4041:0,7547:15940,1077:"
sunset (11),Image1.jpg,"17244,1610:25715,395:18792,586:13349,806:4706,714:0,2533:0,1471:0,779:0,423:0,232:0,129:0,79:0,68:0,69:0,300:15578,1:11710,226:7527,202:3076,2202:9162,800:8708,2674:4069,3818:3417,1931:0,4511:0,3404:0,2411:0,1547:0,1054:0,599:0,1373:9444,1796:0,3878:0,2018:0,3917:0,4082:0,3443:0,3992:0,6390:6998,2845:3074,5367:4015,4993:6732,159:4767,484:5574,874:4500,658:"
sunset (12),Image0.jpg,"34177,1629:19899,3015:14846,850:11851,653:0,1906:0,641:0,235:0,85:0,41:0,31:0,28:0,25:0,25:0,26:0,37:8172,0:8000,3184:17072,1137:8837,2803:7820,3334:7648,1234:3487,3696:6616,914:0,3838:0,878:0,670:0,349:0,133:0,86:0,92:6190,115:0,1803:0,3765:4386,2896:3105,4118:6889,2139:6637,3421:3103,7510:7547,3709:3754,4817:5947,1166:3835,426:0,1056:0,1064:0,602:"
sunset (12),Image1.jpg,"0,0:0,0:0,0:0,0:0,0:33754,10934:42200,3112:0,0:0,0:0,0:0,0:0,0:0,0:0,0:0,0:0,0:0,0:0,0:0,0:0,0:0,1891:42655,3890:40915,230:0,419:0,0:0,0:0,0:0,0:0,0:0,0:0,0:0,0:0,0:0,0:0,0:0,0:0,0:7032,421:13736,4:19145,2439:39909,783:3055,3472:0,4:0,0:0,0:"
sunset (2),Image0.jpg,"35819,209:14155,3292:14153,1547:17659,739:0,1937:0,127:0,66:0,31:0,38:0,16:0,26:0,21:0,25:0,30:0,110:12053,10:0,2332:0,4024:6824,479:3189,4694:23139,1126:15354,1443:7669,935:3602,836:0,561:0,425:0,293:0,209:0,192:0,611:3021,2788:0,3850:0,1373:0,1117:0,992:0,1609:0,5379:8509,2800:12359,744:9368,1103:6540,1119:5587,1272:3878,1339:3388,795:11059,11:"
sunset (3),Image0.jpg,"0,62:4001,826:3243,7762:22408,6117:26575,3990:3265,7416:0,1337:0,693:0,459:0,364:0,217:0,161:0,172:0,165:0,767:0,27:0,3319:0,7734:8306,8477:10894,10294:9881,5387:0,6175:0,3310:0,2606:0,3476:0,3287:0,2216:0,1526:0,1217:0,1868:0,0:0,182:0,3363:0,6309:0,10383:5017,9821:5115,8236:0,6756:0,4637:0,3696:0,2992:0,2502:0,2602:0,3135:12246,3008:"
sunset (4),Image0.jpg,"5496,39:0,2115:5782,2426:25176,1073:20448,4490:14000,1808:4496,1164:0,1487:0,0:0,0:0,0:0,0:0,0:0,0:0,0:4054,21:0,1084:0,3471:19108,811:23287,553:9294,2353:6558,1031:3590,1645:0,4745:0,3604:0,1973:0,1497:0,1043:0,266:0,12:0,1603:0,1379:0,2290:0,2646:7475,657:7735,1943:5445,678:4073,475:3586,1524:5928,702:3167,1299:0,2685:0,3540:3360,1310:25994,506:"
sunset (5),Image0.jpg,"46530,2344:26790,1636:9977,732:0,1010:0,518:0,155:0,57:0,31:0,24:0,39:0,22:0,27:0,21:0,20:0,67:8150,0:21973,212:12090,2050:10901,1309:4103,4453:3472,3648:3192,3418:5927,687:0,2055:0,709:0,657:0,506:0,206:0,102:0,180:3359,967:3680,853:3557,2291:3686,3465:0,6804:3601,4692:0,8664:0,8536:3892,5985:3220,5184:6109,981:5330,992:0,1382:0,1230:0,1540:"
sunset (5),Image1.jpg,"33894,672:29031,5244:18138,932:0,50:0,62:0,50:0,44:0,53:0,42:0,71:0,47:0,67:0,98:0,1115:0,390:0,0:0,3811:72836,220:5903,2545:0,1178:0,753:0,360:0,164:0,78:0,59:0,51:0,77:0,60:0,106:0,1799:0,0:0,1615:14657,73:3008,990:7330,2091:3951,5792:7641,1180:6543,737:0,4288:0,4696:4411,275:4496,51:4018,7:0,2642:9507,1:"
sunset (5),Image2.jpg,"0,1402:3148,5211:57225,1985:17637,2142:0,692:0,84:0,43:0,35:0,25:0,37:0,33:0,41:0,45:0,78:0,137:0,4027:32309,1496:19907,3680:26855,481:0,244:0,116:0,85:0,73:0,76:0,59:0,59:0,79:0,68:0,76:0,310:0,856:0,3088:0,1394:0,1489:7047,3837:10322,2649:22992,354:15893,1412:9346,2433:0,1442:0,1050:0,796:0,719:0,1260:0,1621:"
sunset (6),Image0.jpg,"4257,3127:19002,4091:14633,3628:6678,4737:0,6603:0,3929:0,4169:3538,2414:0,4277:0,2382:0,1434:0,866:0,119:0,60:0,56:3240,2659:15041,3171:9035,2155:5748,1485:3043,4318:0,5678:0,5296:0,6876:0,6185:0,5455:0,3797:0,2544:0,1776:0,1223:0,1275:0,258:13114,382:8733,1708:4627,2122:3008,3484:0,5117:0,6067:0,5672:0,5876:0,6496:0,5475:3048,2422:0,4245:0,3149:3685,1312:"
sunset (6),Image1.jpg,"5177,3166:47745,871:0,4845:3072,4337:0,7808:0,4442:0,3230:0,1847:0,1069:0,976:0,674:0,298:0,237:0,122:0,84:29392,1941:23540,1164:0,1904:0,1129:0,1224:0,1480:0,2007:0,2113:0,2024:0,2987:0,4482:0,3811:0,3148:0,2975:4063,616:22873,1242:26664,1441:0,3238:0,1310:0,893:0,638:0,595:0,720:0,907:0,1201:0,1724:0,2009:0,1943:0,3386:17581,1635:"
sunset (7),Image0.jpg,"0,0:0,0:0,0:32023,1092:52145,161:0,3641:0,119:0,96:0,70:0,48:0,34:0,34:0,38:0,44:0,455:0,0:0,0:0,0:0,96:55704,19:13363,4715:14881,56:0,38:0,22:0,42:0,33:0,30:0,34:0,32:0,935:0,0:0,0:0,0:0,5:8045,0:18535,2822:10587,1689:7836,663:0,2059:0,2901:9223,162:21387,197:0,2876:0,55:0,958:"
sunset (7),Image1.jpg,"5491,1071:5829,4794:9945,1549:5304,4903:6321,5003:10271,4543:4093,4059:0,4873:3176,984:0,1969:0,1310:0,1049:0,1256:0,1201:0,1006:6079,875:4544,3434:3403,4919:8236,3687:12530,2210:5747,2749:3017,2730:3855,2490:0,5904:0,4710:0,2239:0,1318:0,1519:0,1969:0,1836:3846,1627:0,5614:0,5299:0,7745:8194,3428:7222,1732:4748,1991:4482,1616:3472,1868:0,4185:0,3502:0,2644:0,2521:0,4104:8863,1297:"
sunset (7),Image2.jpg,"0,0:0,0:0,0:0,354:89506,0:0,118:0,22:0,0:0,0:0,0:0,0:0,0:0,0:0,0:0,0:0,0:0,0:0,0:0,0:32284,77:52951,155:3697,451:0,37:0,40:0,69:0,60:0,55:0,80:0,44:0,0:0,0:0,0:0,0:0,0:0,0:0,1522:10495,147:10349,2527:26897,185:30677,277:3410,3009:0,42:0,43:0,43:0,377:"
sunset (8),Image0.jpg,"0,0:0,2:0,1036:39739,183:46215,539:0,834:0,57:0,60:0,51:0,60:0,39:0,42:0,45:0,68:0,1030:0,0:0,0:0,0:0,318:55081,6:17598,1100:14028,138:0,55:0,35:0,31:0,43:0,56:0,50:0,53:0,1408:0,0:0,0:0,0:0,0:6759,3:16001,759:11758,180:10328,1027:4569,1126:3594,241:10879,178:17224,118:3039,627:0,85:0,1505:"
sunset (9),Image0.jpg,"0,47:39380,3536:9653,3440:0,2043:0,639:0,331:0,221:0,676:0,1671:10959,326:9824,69:4277,24:0,1498:0,446:0,940:0,158:24796,5745:20954,1320:0,2681:0,1379:0,945:0,567:0,1083:0,5139:8784,169:6973,97:3941,73:0,1865:0,1315:0,2016:0,10:0,7820:23749,2985:11341,1427:3471,1471:0,2550:0,3861:0,4656:0,5253:4442,794:4970,533:0,3342:0,2494:0,1636:3194,1:"
sunset (9),Image1.jpg,"89054,1:0,709:0,27:0,15:0,17:0,11:0,14:0,10:0,12:0,11:0,15:0,11:0,18:0,15:0,60:49563,72:0,3083:0,2738:0,2705:0,3806:4386,3045:8691,54:5846,56:0,3431:0,833:0,687:0,515:0,308:0,79:0,102:43482,3086:0,1695:0,1047:0,756:0,786:0,1003:0,841:0,990:0,1097:0,1137:0,1006:0,1032:0,1383:0,1752:28900,7:"
